"","ROI95lo","ROIavg","ROI95hi","fractaken","numtaken","badProb","interest"
"664","0.0490","0.0690","0.089","0.00397","392","0.088","0.135"
"501","0.0632","0.0839","0.104","0.00280","276","0.066","0.125"
"456","0.0621","0.0858","0.109","0.00197","194","0.060","0.125"
"396","0.0583","0.0876","0.117","0.00130","128","0.052","0.125"
"411","0.0616","0.0890","0.116","0.00145","143","0.054","0.125"
"486","0.0693","0.0899","0.110","0.00252","249","0.064","0.125"
