"","ROI95lo","ROIavg","ROI95hi","fractaken","numtaken","badProb","interest"
"233","0.0608","0.0851","0.1090","0.000445","181","0.030","0.115"
"206","0.0613","0.0800","0.0988","0.000631","257","0.026","0.100"
"219","0.0614","0.0845","0.1080","0.000467","190","0.028","0.110"
"221","0.0660","0.0827","0.0993","0.000752","306","0.028","0.100"
