"","ROI95lo","ROIavg","ROI95hi","fractaken","numtaken","badProb","interest"
"231","0.0668","0.0909","0.115","0.000472","192","0.03","0.125"
"232","0.0768","0.0957","0.115","0.000661","269","0.03","0.120"
"233","0.0828","0.0979","0.113","0.000897","365","0.03","0.115"
