"","ROI95lo","ROIavg","ROI95hi","fractaken","numtaken","badProb","interest"
"621","0.0555","0.0695","0.0835","0.00692","683","0.082","0.125"
"722","0.0515","0.0728","0.0942","0.00360","355","0.096","0.145"
"531","0.0570","0.0747","0.0925","0.00412","406","0.070","0.125"
"561","0.0593","0.0755","0.0916","0.00487","480","0.074","0.125"
"516","0.0573","0.0760","0.0947","0.00369","364","0.068","0.125"
"369","0.0679","0.0872","0.1070","0.00257","254","0.048","0.110"
"338","0.0673","0.0884","0.1100","0.00197","194","0.044","0.115"
"353","0.0691","0.0892","0.1090","0.00219","216","0.046","0.115"
