"","ROI95lo","ROIavg","ROI95hi","fractaken","numtaken","badProb","interest"
"796","0.0444","0.0686","0.0928","0.00291","287","0.106","0.150"
"721","0.0417","0.0692","0.0968","0.00216","213","0.096","0.150"
"469","0.0384","0.0738","0.1090","0.00117","115","0.062","0.135"
"691","0.0457","0.0748","0.1040","0.00178","176","0.092","0.150"
"411","0.0677","0.0942","0.1210","0.00145","143","0.054","0.125"
