"","ROI95lo","ROIavg","ROI95hi","fractaken","numtaken","badProb","interest"
"232","0.0661","0.0926","0.1190","0.000378","154","0.03","0.120"
"236","0.0683","0.0829","0.0975","0.000993","404","0.03","0.100"
"234","0.0689","0.0887","0.1080","0.000619","252","0.03","0.110"
"235","0.0697","0.0863","0.1030","0.000823","335","0.03","0.105"
